Date,Ticker,Region,Currency,Close
2025-11-28,AG,RO,RON,1.45
2025-11-28,ALR,RO,RON,1.505
2025-11-28,AQ,RO,RON,1.368
2025-11-28,AROBS,RO,RON,0.683
2025-11-28,TLV,RO,RON,29.4
2025-11-28,FP,RO,RON,0.4865
2025-11-28,GSH,RO,RON,1.72
2025-11-28,HAI,RO,RON,0.506
2025-11-28,NRF,RO,RON,2.91
2025-11-28,SNP,RO,RON,0.9285
2025-11-28,WINE,RO,RON,18.52
2025-11-28,SNN,RO,RON,50.4
2025-11-28,H2O,RO,RON,122.3
2025-11-28,EL,RO,RON,23.6
2025-11-28,TRP,RO,RON,0.43
2025-11-28,BATE.DE,EU,EUR,24.55500030517578
2025-11-28,LHA.DE,EU,EUR,8.270000457763672
2025-11-28,BABA,US,USD,157.77000427246094
2025-11-28,JD,US,USD,29.854999542236328
2025-11-28,NIO,US,USD,5.485000133514404
2025-11-28,PATH,US,USD,13.904999732971191
2025-12-01,AG,RO,RON,1.45
2025-12-01,ALR,RO,RON,1.505
2025-12-01,AQ,RO,RON,1.368
2025-12-01,AROBS,RO,RON,0.683
2025-12-01,TLV,RO,RON,29.4
2025-12-01,FP,RO,RON,0.4865
2025-12-01,GSH,RO,RON,1.72
2025-12-01,HAI,RO,RON,0.506
2025-12-01,NRF,RO,RON,2.91
2025-12-01,SNP,RO,RON,0.9285
2025-12-01,WINE,RO,RON,18.52
2025-12-01,SNN,RO,RON,50.4
2025-12-01,H2O,RO,RON,122.3
2025-12-01,EL,RO,RON,23.6
2025-12-01,TRP,RO,RON,0.43
2025-12-01,BATE.DE,EU,EUR,24.07999992370605
2025-12-01,LHA.DE,EU,EUR,8.302000045776367
2025-12-01,BABA,US,USD,162.3800048828125
2025-12-01,JD,US,USD,30.030000686645508
2025-12-01,NIO,US,USD,5.190000057220459
2025-12-01,PATH,US,USD,13.904999732971191
2025-12-02,EL,RO,RON,98.54000091552734
2025-12-02,AG,RO,RON,15.010000228881836
2025-12-02,SNN,RO,RON,32.4900016784668
2025-12-02,TRP,RO,RON,53.97999954223633
2025-12-02,BATE.DE,EU,EUR,23.959999084472656
2025-12-02,LHA.DE,EU,EUR,8.300000190734863
2025-12-02,BABA,US,USD,160.25999450683594
2025-12-02,JD,US,USD,29.7150993347168
2025-12-02,NIO,US,USD,5.079899787902832
2025-12-02,PATH,US,USD,14.508999824523926
2025-12-03,AG,RO,RON,1.445
2025-12-03,ALR,RO,RON,1.5
2025-12-03,AQ,RO,RON,1.374
2025-12-03,AROBS,RO,RON,0.681
2025-12-03,TLV,RO,RON,29.58
2025-12-03,FP,RO,RON,0.4985
2025-12-03,GSH,RO,RON,1.74
2025-12-03,HAI,RO,RON,0.518
2025-12-03,NRF,RO,RON,2.82
2025-12-03,SNP,RO,RON,0.9455
2025-12-03,WINE,RO,RON,18.62
2025-12-03,SNN,RO,RON,51.7
2025-12-03,H2O,RO,RON,123.0
2025-12-03,EL,RO,RON,24.6
2025-12-03,TRP,RO,RON,0.44
2025-12-03,BATE.DE,EU,EUR,23.850000381469727
2025-12-03,LHA.DE,EU,EUR,8.206000328063965
2025-12-03,BABA,US,USD,158.0800018310547
2025-12-03,JD,US,USD,29.8700008392334
2025-12-03,NIO,US,USD,4.789999961853027
2025-12-03,PATH,US,USD,14.859999656677246
2025-12-04,AG,RO,RON,1.435
2025-12-04,ALR,RO,RON,1.5
2025-12-04,AQ,RO,RON,1.396
2025-12-04,AROBS,RO,RON,0.68
2025-12-04,TLV,RO,RON,29.74
2025-12-04,FP,RO,RON,0.501
2025-12-04,GSH,RO,RON,1.75
2025-12-04,HAI,RO,RON,0.512
2025-12-04,NRF,RO,RON,2.83
2025-12-04,SNP,RO,RON,0.962
2025-12-04,WINE,RO,RON,18.72
2025-12-04,SNN,RO,RON,52.1
2025-12-04,H2O,RO,RON,122.7
2025-12-04,EL,RO,RON,24.75
2025-12-04,TRP,RO,RON,0.451
2025-12-04,BATE.DE,EU,EUR,24.21500015258789
2025-12-04,LHA.DE,EU,EUR,8.215999603271484
2025-12-04,BABA,US,USD,157.44000244140625
2025-12-04,JD,US,USD,29.739999771118164
2025-12-04,NIO,US,USD,5.010000228881836
2025-12-04,PATH,US,USD,18.479999542236328
2025-12-05,AG,RO,RON,1.435
2025-12-05,ALR,RO,RON,1.525
2025-12-05,AQ,RO,RON,1.408
2025-12-05,AROBS,RO,RON,0.682
2025-12-05,TLV,RO,RON,29.82
2025-12-05,FP,RO,RON,0.519
2025-12-05,GSH,RO,RON,1.75
2025-12-05,HAI,RO,RON,0.51
2025-12-05,NRF,RO,RON,2.75
2025-12-05,SNP,RO,RON,0.96
2025-12-05,WINE,RO,RON,18.72
2025-12-05,SNN,RO,RON,52.3
2025-12-05,H2O,RO,RON,123.0
2025-12-05,EL,RO,RON,24.45
2025-12-05,TRP,RO,RON,0.446
2025-12-05,BATE.DE,EU,EUR,24.479999542236328
2025-12-05,LHA.DE,EU,EUR,8.227999687194824
2025-12-05,BABA,US,USD,158.32000732421875
2025-12-05,JD,US,USD,29.89999961853028
2025-12-05,NIO,US,USD,5.039999961853027
2025-12-05,PATH,US,USD,18.670000076293945
2025-12-08,AG,RO,RON,1.44
2025-12-08,ALR,RO,RON,1.51
2025-12-08,AQ,RO,RON,1.404
2025-12-08,AROBS,RO,RON,0.679
2025-12-08,TLV,RO,RON,29.98
2025-12-08,FP,RO,RON,0.523
2025-12-08,GSH,RO,RON,1.73
2025-12-08,HAI,RO,RON,0.51
2025-12-08,NRF,RO,RON,2.71
2025-12-08,SNP,RO,RON,0.9645
2025-12-08,WINE,RO,RON,18.72
2025-12-08,SNN,RO,RON,52.0
2025-12-08,H2O,RO,RON,123.9
2025-12-08,EL,RO,RON,24.45
2025-12-08,TRP,RO,RON,0.442
2025-12-08,BATE.DE,EU,EUR,24.82999992370605
2025-12-08,LHA.DE,EU,EUR,8.255999565124512
2025-12-08,BABA,US,USD,158.1300048828125
2025-12-08,JD,US,USD,29.920000076293945
2025-12-08,NIO,US,USD,5.099999904632568
2025-12-08,PATH,US,USD,19.290000915527344
2025-12-09,AG,RO,RON,1.435
2025-12-09,ALR,RO,RON,1.51
2025-12-09,AQ,RO,RON,1.414
2025-12-09,AROBS,RO,RON,0.673
2025-12-09,TLV,RO,RON,30.16
2025-12-09,FP,RO,RON,0.538
2025-12-09,GSH,RO,RON,1.74
2025-12-09,HAI,RO,RON,0.504
2025-12-09,NRF,RO,RON,2.75
2025-12-09,SNP,RO,RON,0.969
2025-12-09,WINE,RO,RON,18.76
2025-12-09,SNN,RO,RON,52.8
2025-12-09,H2O,RO,RON,124.4
2025-12-09,EL,RO,RON,24.55
2025-12-09,TRP,RO,RON,0.443
2025-12-09,BATE.DE,EU,EUR,25.059999465942383
2025-12-09,LHA.DE,EU,EUR,8.12600040435791
2025-12-09,BABA,US,USD,155.9600067138672
2025-12-09,JD,US,USD,29.700000762939453
2025-12-09,NIO,US,USD,5.03000020980835
2025-12-09,PATH,US,USD,18.979999542236328
2025-12-10,AG,RO,RON,1.435
2025-12-10,ALR,RO,RON,1.51
2025-12-10,AQ,RO,RON,1.398
2025-12-10,AROBS,RO,RON,0.67
2025-12-10,TLV,RO,RON,30.26
2025-12-10,FP,RO,RON,0.539
2025-12-10,GSH,RO,RON,1.75
2025-12-10,HAI,RO,RON,0.504
2025-12-10,NRF,RO,RON,2.73
2025-12-10,SNP,RO,RON,0.9715
2025-12-10,WINE,RO,RON,18.72
2025-12-10,SNN,RO,RON,54.5
2025-12-10,H2O,RO,RON,124.4
2025-12-10,EL,RO,RON,25.05
2025-12-10,TRP,RO,RON,0.444
2025-12-10,BATE.DE,EU,EUR,25.31999969482422
2025-12-10,LHA.DE,EU,EUR,7.958000183105469
2025-12-10,BABA,US,USD,158.82000732421875
2025-12-10,JD,US,USD,29.61000061035156
2025-12-10,NIO,US,USD,5.03000020980835
2025-12-10,PATH,US,USD,18.690000534057617
2025-12-11,AG,RO,RON,1.44
2025-12-11,ALR,RO,RON,1.51
2025-12-11,AQ,RO,RON,1.406
2025-12-11,AROBS,RO,RON,0.672
2025-12-11,TLV,RO,RON,30.3
2025-12-11,FP,RO,RON,0.542
2025-12-11,GSH,RO,RON,1.75
2025-12-11,HAI,RO,RON,0.512
2025-12-11,NRF,RO,RON,2.74
2025-12-11,SNP,RO,RON,0.972
2025-12-11,WINE,RO,RON,18.6
2025-12-11,SNN,RO,RON,54.8
2025-12-11,H2O,RO,RON,123.8
2025-12-11,EL,RO,RON,25.35
2025-12-11,TRP,RO,RON,0.441
2025-12-11,BATE.DE,EU,EUR,25.295000076293945
2025-12-11,LHA.DE,EU,EUR,8.079999923706055
2025-12-11,BABA,US,USD,156.89999389648438
2025-12-11,JD,US,USD,29.540000915527344
2025-12-11,NIO,US,USD,5.130000114440918
2025-12-11,PATH,US,USD,18.030000686645508
2025-12-12,AG,RO,RON,1.46
2025-12-12,ALR,RO,RON,1.505
2025-12-12,AQ,RO,RON,1.41
2025-12-12,AROBS,RO,RON,0.67
2025-12-12,TLV,RO,RON,30.28
2025-12-12,FP,RO,RON,0.557
2025-12-12,GSH,RO,RON,1.74
2025-12-12,HAI,RO,RON,0.506
2025-12-12,NRF,RO,RON,2.72
2025-12-12,SNP,RO,RON,0.9735
2025-12-12,WINE,RO,RON,18.56
2025-12-12,SNN,RO,RON,54.8
2025-12-12,H2O,RO,RON,124.5
2025-12-12,EL,RO,RON,25.7
2025-12-12,TRP,RO,RON,0.4405
2025-12-12,BATE.DE,EU,EUR,24.690000534057617
2025-12-12,LHA.DE,EU,EUR,8.465999603271484
2025-12-12,BABA,US,USD,155.67999267578125
2025-12-12,JD,US,USD,29.440000534057617
2025-12-12,NIO,US,USD,5.03000020980835
2025-12-12,PATH,US,USD,17.420000076293945
2025-12-15,AG,RO,RON,1.48
2025-12-15,ALR,RO,RON,1.5
2025-12-15,AQ,RO,RON,1.406
2025-12-15,AROBS,RO,RON,0.675
2025-12-15,TLV,RO,RON,30.36
2025-12-15,FP,RO,RON,0.569
2025-12-15,GSH,RO,RON,1.75
2025-12-15,HAI,RO,RON,0.508
2025-12-15,NRF,RO,RON,2.71
2025-12-15,SNP,RO,RON,0.975
2025-12-15,WINE,RO,RON,18.38
2025-12-15,SNN,RO,RON,53.7
2025-12-15,H2O,RO,RON,124.5
2025-12-15,EL,RO,RON,25.9
2025-12-15,TRP,RO,RON,0.4365
2025-12-15,BATE.DE,EU,EUR,24.57999992370605
2025-12-15,LHA.DE,EU,EUR,8.51200008392334
2025-12-15,BABA,US,USD,150.08999633789062
2025-12-15,JD,US,USD,28.850000381469727
2025-12-15,NIO,US,USD,4.989999771118164
2025-12-15,PATH,US,USD,16.15999984741211
2025-12-16,AG,RO,RON,1.505
2025-12-16,ALR,RO,RON,1.5
2025-12-16,AQ,RO,RON,1.418
2025-12-16,AROBS,RO,RON,0.668
2025-12-16,TLV,RO,RON,30.42
2025-12-16,FP,RO,RON,0.589
2025-12-16,GSH,RO,RON,1.73
2025-12-16,HAI,RO,RON,0.504
2025-12-16,NRF,RO,RON,2.72
2025-12-16,SNP,RO,RON,0.98
2025-12-16,WINE,RO,RON,18.5
2025-12-16,SNN,RO,RON,54.6
2025-12-16,H2O,RO,RON,124.7
2025-12-16,EL,RO,RON,26.2
2025-12-16,TRP,RO,RON,0.4375
2025-12-16,BATE.DE,EU,EUR,24.20499992370605
2025-12-16,LHA.DE,EU,EUR,8.597999572753906
2025-12-16,BABA,US,USD,149.2899932861328
2025-12-16,JD,US,USD,28.850000381469727
2025-12-16,NIO,US,USD,5.03000020980835
2025-12-16,PATH,US,USD,16.09000015258789
2025-12-17,AG,RO,RON,1.51
2025-12-17,ALR,RO,RON,1.495
2025-12-17,AQ,RO,RON,1.426
2025-12-17,AROBS,RO,RON,0.667
2025-12-17,TLV,RO,RON,30.16
2025-12-17,FP,RO,RON,0.591
2025-12-17,GSH,RO,RON,1.69
2025-12-17,HAI,RO,RON,0.504
2025-12-17,NRF,RO,RON,2.79
2025-12-17,SNP,RO,RON,0.978
2025-12-17,WINE,RO,RON,18.36
2025-12-17,SNN,RO,RON,54.6
2025-12-17,H2O,RO,RON,123.9
2025-12-17,EL,RO,RON,25.95
2025-12-17,TRP,RO,RON,0.437
2025-12-17,BATE.DE,EU,EUR,24.375
2025-12-17,LHA.DE,EU,EUR,8.552000045776367
2025-12-17,BABA,US,USD,147.08999633789062
2025-12-17,JD,US,USD,28.600000381469727
2025-12-17,NIO,US,USD,4.860000133514404
2025-12-17,PATH,US,USD,15.960000038146973
2025-12-18,AG,RO,RON,1.51
2025-12-18,ALR,RO,RON,1.495
2025-12-18,AQ,RO,RON,1.436
2025-12-18,AROBS,RO,RON,0.673
2025-12-18,TLV,RO,RON,30.1
2025-12-18,FP,RO,RON,0.568
2025-12-18,GSH,RO,RON,1.75
2025-12-18,HAI,RO,RON,0.502
2025-12-18,NRF,RO,RON,2.84
2025-12-18,SNP,RO,RON,0.9775
2025-12-18,WINE,RO,RON,18.68
2025-12-18,SNN,RO,RON,54.4
2025-12-18,H2O,RO,RON,123.7
2025-12-18,EL,RO,RON,25.85
2025-12-18,TRP,RO,RON,0.438
2025-12-18,BATE.DE,EU,EUR,24.290000915527344
2025-12-18,LHA.DE,EU,EUR,8.661999702453613
2025-12-18,BABA,US,USD,147.32000732421875
2025-12-18,JD,US,USD,28.799999237060547
2025-12-18,NIO,US,USD,4.929999828338623
2025-12-18,PATH,US,USD,15.9399995803833
2025-12-19,AG,RO,RON,1.51
2025-12-19,ALR,RO,RON,1.5
2025-12-19,AQ,RO,RON,1.43
2025-12-19,AROBS,RO,RON,0.665
2025-12-19,TLV,RO,RON,30.14
2025-12-19,FP,RO,RON,0.56
2025-12-19,GSH,RO,RON,1.76
2025-12-19,HAI,RO,RON,0.5
2025-12-19,NRF,RO,RON,2.86
2025-12-19,SNP,RO,RON,0.982
2025-12-19,WINE,RO,RON,18.98
2025-12-19,SNN,RO,RON,54.0
2025-12-19,H2O,RO,RON,125.0
2025-12-19,EL,RO,RON,26.15
2025-12-19,TRP,RO,RON,0.4395
2025-12-19,BATE.DE,EU,EUR,25.020000457763672
2025-12-19,LHA.DE,EU,EUR,8.569999694824219
2025-12-19,BABA,US,USD,149.7899932861328
2025-12-19,JD,US,USD,28.81999969482422
2025-12-19,NIO,US,USD,4.989999771118164
2025-12-19,PATH,US,USD,16.1200008392334
2025-12-22,AG,RO,RON,1.505
2025-12-22,ALR,RO,RON,1.49
2025-12-22,AQ,RO,RON,1.426
2025-12-22,AROBS,RO,RON,0.669
2025-12-22,TLV,RO,RON,30.32
2025-12-22,FP,RO,RON,0.54
2025-12-22,GSH,RO,RON,1.71
2025-12-22,HAI,RO,RON,0.508
2025-12-22,NRF,RO,RON,2.78
2025-12-22,SNP,RO,RON,0.982
2025-12-22,WINE,RO,RON,19.5
2025-12-22,SNN,RO,RON,54.9
2025-12-22,H2O,RO,RON,125.0
2025-12-22,EL,RO,RON,26.25
2025-12-22,TRP,RO,RON,0.434
2025-12-22,BATE.DE,EU,EUR,25.239999771118164
2025-12-22,LHA.DE,EU,EUR,8.534000396728516
2025-12-22,BABA,US,USD,150.9600067138672
2025-12-22,JD,US,USD,29.09000015258789
2025-12-22,NIO,US,USD,5.0
2025-12-22,PATH,US,USD,16.700000762939453
2025-12-23,AG,RO,RON,1.52
2025-12-23,ALR,RO,RON,1.495
2025-12-23,AQ,RO,RON,1.432
2025-12-23,AROBS,RO,RON,0.67
2025-12-23,TLV,RO,RON,30.34
2025-12-23,FP,RO,RON,0.545
2025-12-23,GSH,RO,RON,1.73
2025-12-23,HAI,RO,RON,0.488
2025-12-23,NRF,RO,RON,2.86
2025-12-23,SNP,RO,RON,0.9905
2025-12-23,WINE,RO,RON,19.48
2025-12-23,SNN,RO,RON,55.9
2025-12-23,H2O,RO,RON,125.0
2025-12-23,EL,RO,RON,26.1
2025-12-23,TRP,RO,RON,0.435
2025-12-23,BATE.DE,EU,EUR,25.104999542236328
2025-12-23,LHA.DE,EU,EUR,8.420000076293945
2025-12-23,BABA,US,USD,151.22999572753906
2025-12-23,JD,US,USD,29.07999992370605
2025-12-23,NIO,US,USD,4.889999866485596
2025-12-23,PATH,US,USD,15.960000038146973
2025-12-24,AG,RO,RON,1.52
2025-12-24,ALR,RO,RON,1.495
2025-12-24,AQ,RO,RON,1.432
2025-12-24,AROBS,RO,RON,0.67
2025-12-24,TLV,RO,RON,30.34
2025-12-24,FP,RO,RON,0.545
2025-12-24,GSH,RO,RON,1.73
2025-12-24,HAI,RO,RON,0.488
2025-12-24,NRF,RO,RON,2.86
2025-12-24,SNP,RO,RON,0.9905
2025-12-24,WINE,RO,RON,19.48
2025-12-24,SNN,RO,RON,55.9
2025-12-24,H2O,RO,RON,125.0
2025-12-24,EL,RO,RON,26.1
2025-12-24,TRP,RO,RON,0.435
2025-12-24,BATE.DE,EU,EUR,25.104999542236328
2025-12-24,LHA.DE,EU,EUR,8.420000076293945
2025-12-24,BABA,US,USD,150.05999755859375
2025-12-24,JD,US,USD,29.170000076293945
2025-12-24,NIO,US,USD,4.909999847412109
2025-12-24,PATH,US,USD,17.15999984741211
2025-12-25,AG,RO,RON,1.52
2025-12-25,ALR,RO,RON,1.495
2025-12-25,AQ,RO,RON,1.432
2025-12-25,AROBS,RO,RON,0.67
2025-12-25,TLV,RO,RON,30.34
2025-12-25,FP,RO,RON,0.545
2025-12-25,GSH,RO,RON,1.73
2025-12-25,HAI,RO,RON,0.488
2025-12-25,NRF,RO,RON,2.86
2025-12-25,SNP,RO,RON,0.9905
2025-12-25,WINE,RO,RON,19.48
2025-12-25,SNN,RO,RON,55.9
2025-12-25,H2O,RO,RON,125.0
2025-12-25,EL,RO,RON,26.1
2025-12-25,TRP,RO,RON,0.435
2025-12-25,BATE.DE,EU,EUR,25.104999542236328
2025-12-25,BABA,US,USD,150.05999755859375
2025-12-25,JD,US,USD,29.170000076293945
2025-12-25,NIO,US,USD,4.909999847412109
2025-12-25,PATH,US,USD,17.15999984741211
2025-12-26,AG,RO,RON,1.52
2025-12-26,ALR,RO,RON,1.495
2025-12-26,AQ,RO,RON,1.432
2025-12-26,AROBS,RO,RON,0.67
2025-12-26,TLV,RO,RON,30.34
2025-12-26,FP,RO,RON,0.545
2025-12-26,GSH,RO,RON,1.73
2025-12-26,HAI,RO,RON,0.488
2025-12-26,NRF,RO,RON,2.86
2025-12-26,SNP,RO,RON,0.9905
2025-12-26,WINE,RO,RON,19.48
2025-12-26,SNN,RO,RON,55.9
2025-12-26,H2O,RO,RON,125.0
2025-12-26,EL,RO,RON,26.1
2025-12-26,TRP,RO,RON,0.435
2025-12-26,BATE.DE,EU,EUR,25.104999542236328
2025-12-26,BABA,US,USD,152.24000549316406
2025-12-26,JD,US,USD,29.39999961853028
2025-12-26,NIO,US,USD,5.099999904632568
2025-12-26,PATH,US,USD,16.84000015258789
2025-12-29,AG,RO,RON,1.52
2025-12-29,ALR,RO,RON,1.495
2025-12-29,AQ,RO,RON,1.412
2025-12-29,AROBS,RO,RON,0.669
2025-12-29,TLV,RO,RON,30.22
2025-12-29,FP,RO,RON,0.541
2025-12-29,GSH,RO,RON,1.74
2025-12-29,HAI,RO,RON,0.492
2025-12-29,NRF,RO,RON,2.8
2025-12-29,SNP,RO,RON,0.9905
2025-12-29,WINE,RO,RON,19.04
2025-12-29,SNN,RO,RON,55.3
2025-12-29,H2O,RO,RON,124.2
2025-12-29,EL,RO,RON,25.9
2025-12-29,TRP,RO,RON,0.433
2025-12-29,BATE.DE,EU,EUR,25.18000030517578
2025-12-29,LHA.DE,EU,EUR,8.369999885559082
2025-12-29,BABA,US,USD,148.49000549316406
2025-12-29,JD,US,USD,29.270000457763672
2025-12-29,NIO,US,USD,5.340000152587891
2025-12-29,PATH,US,USD,16.850000381469727
2025-12-30,AG,RO,RON,1.54
2025-12-30,ALR,RO,RON,1.495
2025-12-30,AQ,RO,RON,1.416
2025-12-30,AROBS,RO,RON,0.67
2025-12-30,TLV,RO,RON,30.2
2025-12-30,FP,RO,RON,0.536
2025-12-30,GSH,RO,RON,1.74
2025-12-30,HAI,RO,RON,0.49
2025-12-30,NRF,RO,RON,2.83
2025-12-30,SNP,RO,RON,0.995
2025-12-30,WINE,RO,RON,19.46
2025-12-30,SNN,RO,RON,54.9
2025-12-30,H2O,RO,RON,124.2
2025-12-30,EL,RO,RON,26.35
2025-12-30,TRP,RO,RON,0.4305
2025-12-30,LHA.DE,EU,EUR,8.406000137329102
2025-12-30,BABA,US,USD,147.36000061035156
2025-12-30,JD,US,USD,28.709999084472656
2025-12-30,NIO,US,USD,5.5
2025-12-30,PATH,US,USD,16.684999465942383
2025-12-31,AG,RO,RON,1.54
2025-12-31,ALR,RO,RON,1.495
2025-12-31,AQ,RO,RON,1.416
2025-12-31,AROBS,RO,RON,0.67
2025-12-31,TLV,RO,RON,30.2
2025-12-31,FP,RO,RON,0.536
2025-12-31,GSH,RO,RON,1.74
2025-12-31,HAI,RO,RON,0.49
2025-12-31,NRF,RO,RON,2.83
2025-12-31,SNP,RO,RON,0.995
2025-12-31,WINE,RO,RON,19.46
2025-12-31,SNN,RO,RON,54.9
2025-12-31,H2O,RO,RON,124.2
2025-12-31,EL,RO,RON,26.35
2025-12-31,TRP,RO,RON,0.4305
2025-12-31,BATE.DE,EU,EUR,25.32999992370605
2025-12-31,LHA.DE,EU,EUR,8.406000137329102
2025-12-31,BABA,US,USD,146.5800018310547
2025-12-31,JD,US,USD,28.700000762939453
2025-12-31,NIO,US,USD,5.099999904632568
2025-12-31,PATH,US,USD,16.389999389648438
2026-01-01,AG,RO,RON,1.54
2026-01-01,ALR,RO,RON,1.495
2026-01-01,AQ,RO,RON,1.416
2026-01-01,AROBS,RO,RON,0.67
2026-01-01,TLV,RO,RON,30.2
2026-01-01,FP,RO,RON,0.536
2026-01-01,GSH,RO,RON,1.74
2026-01-01,HAI,RO,RON,0.49
2026-01-01,NRF,RO,RON,2.83
2026-01-01,SNP,RO,RON,0.995
2026-01-01,WINE,RO,RON,19.46
2026-01-01,SNN,RO,RON,54.9
2026-01-01,H2O,RO,RON,124.2
2026-01-01,EL,RO,RON,26.35
2026-01-01,TRP,RO,RON,0.4305
2026-01-01,BATE.DE,EU,EUR,25.32999992370605
2026-01-01,LHA.DE,EU,EUR,8.406000137329102
2026-01-01,BABA,US,USD,146.5800018310547
2026-01-01,JD,US,USD,28.700000762939453
2026-01-01,NIO,US,USD,5.099999904632568
2026-01-01,PATH,US,USD,16.389999389648438
2026-01-02,AG,RO,RON,1.54
2026-01-02,ALR,RO,RON,1.495
2026-01-02,AQ,RO,RON,1.416
2026-01-02,AROBS,RO,RON,0.67
2026-01-02,TLV,RO,RON,30.2
2026-01-02,FP,RO,RON,0.536
2026-01-02,GSH,RO,RON,1.74
2026-01-02,HAI,RO,RON,0.49
2026-01-02,NRF,RO,RON,2.83
2026-01-02,SNP,RO,RON,0.995
2026-01-02,WINE,RO,RON,19.46
2026-01-02,SNN,RO,RON,54.9
2026-01-02,H2O,RO,RON,124.2
2026-01-02,EL,RO,RON,26.35
2026-01-02,TRP,RO,RON,0.4305
2026-01-02,BATE.DE,EU,EUR,25.6200008392334
2026-01-02,LHA.DE,EU,EUR,8.581999778747559
2026-01-02,BABA,US,USD,155.74000549316406
2026-01-02,JD,US,USD,29.530000686645508
2026-01-02,NIO,US,USD,5.139999866485596
2026-01-02,PATH,US,USD,15.880000114440918
2026-01-05,AG,RO,RON,1.57
2026-01-05,ALR,RO,RON,1.5
2026-01-05,AQ,RO,RON,1.412
2026-01-05,AROBS,RO,RON,0.679
2026-01-05,TLV,RO,RON,30.58
2026-01-05,FP,RO,RON,0.54
2026-01-05,GSH,RO,RON,1.74
2026-01-05,HAI,RO,RON,0.51
2026-01-05,NRF,RO,RON,2.85
2026-01-05,SNP,RO,RON,1.014
2026-01-05,WINE,RO,RON,19.38
2026-01-05,SNN,RO,RON,57.2
2026-01-05,H2O,RO,RON,123.8
2026-01-05,EL,RO,RON,27.35
2026-01-05,TRP,RO,RON,0.443
2026-01-05,BATE.DE,EU,EUR,26.229999542236328
2026-01-05,LHA.DE,EU,EUR,8.656000137329102
2026-01-05,BABA,US,USD,156.25999450683594
2026-01-05,JD,US,USD,29.64999961853028
2026-01-05,NIO,US,USD,4.860000133514404
2026-01-05,PATH,US,USD,16.030000686645508
2026-01-06,AG,RO,RON,1.57
2026-01-06,ALR,RO,RON,1.5
2026-01-06,AQ,RO,RON,1.412
2026-01-06,AROBS,RO,RON,0.679
2026-01-06,TLV,RO,RON,30.58
2026-01-06,FP,RO,RON,0.54
2026-01-06,GSH,RO,RON,1.74
2026-01-06,HAI,RO,RON,0.51
2026-01-06,NRF,RO,RON,2.85
2026-01-06,SNP,RO,RON,1.014
2026-01-06,WINE,RO,RON,19.38
2026-01-06,SNN,RO,RON,57.2
2026-01-06,H2O,RO,RON,123.8
2026-01-06,EL,RO,RON,27.35
2026-01-06,TRP,RO,RON,0.443
2026-01-06,BATE.DE,EU,EUR,27.075000762939453
2026-01-06,LHA.DE,EU,EUR,8.90999984741211
2026-01-06,BABA,US,USD,150.89999389648438
2026-01-06,JD,US,USD,29.600000381469727
2026-01-06,NIO,US,USD,4.78000020980835
2026-01-06,PATH,US,USD,17.329999923706055
2026-01-07,AG,RO,RON,1.57
2026-01-07,ALR,RO,RON,1.5
2026-01-07,AQ,RO,RON,1.412
2026-01-07,AROBS,RO,RON,0.679
2026-01-07,TLV,RO,RON,30.58
2026-01-07,FP,RO,RON,0.54
2026-01-07,GSH,RO,RON,1.74
2026-01-07,HAI,RO,RON,0.51
2026-01-07,NRF,RO,RON,2.85
2026-01-07,SNP,RO,RON,1.014
2026-01-07,WINE,RO,RON,19.38
2026-01-07,SNN,RO,RON,57.2
2026-01-07,H2O,RO,RON,123.8
2026-01-07,EL,RO,RON,27.35
2026-01-07,TRP,RO,RON,0.443
2026-01-07,BATE.DE,EU,EUR,26.940000534057617
2026-01-07,LHA.DE,EU,EUR,9.173999786376951
2026-01-07,BABA,US,USD,146.75
2026-01-07,JD,US,USD,29.030000686645508
2026-01-07,NIO,US,USD,4.789999961853027
2026-01-07,PATH,US,USD,17.84000015258789
2026-01-08,AG,RO,RON,1.59
2026-01-08,ALR,RO,RON,1.5
2026-01-08,AQ,RO,RON,1.41
2026-01-08,AROBS,RO,RON,0.678
2026-01-08,TLV,RO,RON,31.48
2026-01-08,FP,RO,RON,0.545
2026-01-08,GSH,RO,RON,1.76
2026-01-08,HAI,RO,RON,0.502
2026-01-08,NRF,RO,RON,2.85
2026-01-08,SNP,RO,RON,1.022
2026-01-08,WINE,RO,RON,19.2
2026-01-08,SNN,RO,RON,58.9
2026-01-08,H2O,RO,RON,123.3
2026-01-08,EL,RO,RON,27.6
2026-01-08,TRP,RO,RON,0.455
2026-01-08,BATE.DE,EU,EUR,26.34000015258789
2026-01-08,LHA.DE,EU,EUR,9.06999969482422
2026-01-08,BABA,US,USD,154.47000122070312
2026-01-08,JD,US,USD,29.670000076293945
2026-01-08,NIO,US,USD,4.730000019073486
2026-01-08,PATH,US,USD,16.8799991607666
2026-01-09,AG,RO,RON,1.59
2026-01-09,ALR,RO,RON,1.495
2026-01-09,AQ,RO,RON,1.45
2026-01-09,AROBS,RO,RON,0.69
2026-01-09,TLV,RO,RON,32.1
2026-01-09,FP,RO,RON,0.565
2026-01-09,GSH,RO,RON,1.81
2026-01-09,HAI,RO,RON,0.512
2026-01-09,NRF,RO,RON,2.84
2026-01-09,SNP,RO,RON,1.03
2026-01-09,WINE,RO,RON,19.3
2026-01-09,SNN,RO,RON,61.7
2026-01-09,H2O,RO,RON,124.5
2026-01-09,EL,RO,RON,28.85
2026-01-09,TRP,RO,RON,0.47
2026-01-09,BATE.DE,EU,EUR,26.71500015258789
2026-01-09,LHA.DE,EU,EUR,8.869999885559082
2026-01-09,BABA,US,USD,150.9600067138672
2026-01-09,JD,US,USD,29.450000762939453
2026-01-09,NIO,US,USD,4.639999866485596
2026-01-09,PATH,US,USD,16.31999969482422
2026-01-12,AG,RO,RON,1.61
2026-01-12,ALR,RO,RON,1.51
2026-01-12,AQ,RO,RON,1.45
2026-01-12,AROBS,RO,RON,0.727
2026-01-12,TLV,RO,RON,32.64
2026-01-12,FP,RO,RON,0.588
2026-01-12,GSH,RO,RON,1.94
2026-01-12,HAI,RO,RON,0.512
2026-01-12,NRF,RO,RON,2.84
2026-01-12,SNP,RO,RON,1.035
2026-01-12,WINE,RO,RON,19.46
2026-01-12,SNN,RO,RON,65.4
2026-01-12,H2O,RO,RON,125.4
2026-01-12,EL,RO,RON,29.05
2026-01-12,TRP,RO,RON,0.4845
2026-01-12,BATE.DE,EU,EUR,27.565000534057617
2026-01-12,LHA.DE,EU,EUR,8.777999877929688
2026-01-12,BABA,US,USD,166.30999755859375
2026-01-12,JD,US,USD,30.729999542236328
2026-01-12,NIO,US,USD,4.849999904632568
2026-01-12,PATH,US,USD,17.239999771118164
2026-01-13,AG,RO,RON,1.6
2026-01-13,ALR,RO,RON,1.5
2026-01-13,AQ,RO,RON,1.468
2026-01-13,AROBS,RO,RON,0.731
2026-01-13,TLV,RO,RON,32.3
2026-01-13,FP,RO,RON,0.578
2026-01-13,GSH,RO,RON,1.87
2026-01-13,HAI,RO,RON,0.518
2026-01-13,NRF,RO,RON,2.82
2026-01-13,SNP,RO,RON,1.023
2026-01-13,WINE,RO,RON,19.38
2026-01-13,SNN,RO,RON,63.9
2026-01-13,H2O,RO,RON,127.9
2026-01-13,EL,RO,RON,28.7
2026-01-13,TRP,RO,RON,0.4715
2026-01-13,BATE.DE,EU,EUR,28.184999465942383
2026-01-13,LHA.DE,EU,EUR,8.70199966430664
2026-01-13,BABA,US,USD,167.00999450683594
2026-01-13,JD,US,USD,29.8799991607666
2026-01-13,NIO,US,USD,4.679999828338623
2026-01-13,PATH,US,USD,15.970000267028809
2026-01-14,AG,RO,RON,1.61
2026-01-14,ALR,RO,RON,1.505
2026-01-14,AQ,RO,RON,1.46
2026-01-14,AROBS,RO,RON,0.748
2026-01-14,TLV,RO,RON,32.6
2026-01-14,FP,RO,RON,0.597
2026-01-14,GSH,RO,RON,1.95
2026-01-14,HAI,RO,RON,0.52
2026-01-14,NRF,RO,RON,2.94
2026-01-14,SNP,RO,RON,1.04
2026-01-14,WINE,RO,RON,19.18
2026-01-14,SNN,RO,RON,66.0
2026-01-14,H2O,RO,RON,128.0
2026-01-14,EL,RO,RON,29.05
2026-01-14,TRP,RO,RON,0.4755
2026-01-14,BATE.DE,EU,EUR,28.0049991607666
2026-01-14,LHA.DE,EU,EUR,8.222000122070312
2026-01-14,BABA,US,USD,169.89999389648438
2026-01-14,JD,US,USD,29.82999992370605
2026-01-14,NIO,US,USD,4.559999942779541
2026-01-14,PATH,US,USD,15.369999885559082
2026-01-15,AG,RO,RON,1.63
2026-01-15,ALR,RO,RON,1.5
2026-01-15,AQ,RO,RON,1.5
2026-01-15,AROBS,RO,RON,0.756
2026-01-15,TLV,RO,RON,33.6
2026-01-15,FP,RO,RON,0.612
2026-01-15,GSH,RO,RON,1.97
2026-01-15,HAI,RO,RON,0.528
2026-01-15,NRF,RO,RON,3.06
2026-01-15,SNP,RO,RON,1.045
2026-01-15,WINE,RO,RON,19.18
2026-01-15,SNN,RO,RON,66.4
2026-01-15,H2O,RO,RON,132.9
2026-01-15,EL,RO,RON,29.9
2026-01-15,TRP,RO,RON,0.4785
2026-01-15,BATE.DE,EU,EUR,28.670000076293945
2026-01-15,LHA.DE,EU,EUR,8.447999954223633
2026-01-15,BABA,US,USD,170.92999267578125
2026-01-15,JD,US,USD,29.40999984741211
2026-01-15,NIO,US,USD,4.639999866485596
2026-01-15,PATH,US,USD,14.789999961853027
2026-01-16,AG,RO,RON,1.65
2026-01-16,ALR,RO,RON,1.5
2026-01-16,AQ,RO,RON,1.58
2026-01-16,AROBS,RO,RON,0.762
2026-01-16,TLV,RO,RON,33.5
2026-01-16,FP,RO,RON,0.661
2026-01-16,GSH,RO,RON,1.96
2026-01-16,HAI,RO,RON,0.518
2026-01-16,NRF,RO,RON,3.19
2026-01-16,SNP,RO,RON,1.067
2026-01-16,WINE,RO,RON,19.16
2026-01-16,SNN,RO,RON,67.9
2026-01-16,H2O,RO,RON,132.4
2026-01-16,EL,RO,RON,30.3
2026-01-16,TRP,RO,RON,0.4855
2026-01-16,BATE.DE,EU,EUR,27.940000534057617
2026-01-16,LHA.DE,EU,EUR,8.371999740600586
2026-01-16,BABA,US,USD,165.39999389648438
2026-01-16,JD,US,USD,28.89999961853028
2026-01-16,NIO,US,USD,4.710000038146973
2026-01-16,PATH,US,USD,14.34000015258789
2026-01-19,AG,RO,RON,1.65
2026-01-19,ALR,RO,RON,1.53
2026-01-19,AQ,RO,RON,1.594
2026-01-19,AROBS,RO,RON,0.762
2026-01-19,TLV,RO,RON,32.7
2026-01-19,FP,RO,RON,0.667
2026-01-19,GSH,RO,RON,1.96
2026-01-19,HAI,RO,RON,0.518
2026-01-19,NRF,RO,RON,3.03
2026-01-19,SNP,RO,RON,1.062
2026-01-19,WINE,RO,RON,19.32
2026-01-19,SNN,RO,RON,66.7
2026-01-19,H2O,RO,RON,130.2
2026-01-19,EL,RO,RON,29.25
2026-01-19,TRP,RO,RON,0.478
2026-01-19,BATE.DE,EU,EUR,27.604999542236328
2026-01-19,LHA.DE,EU,EUR,8.428000450134277
2026-01-19,BABA,US,USD,165.39999389648438
2026-01-19,JD,US,USD,28.89999961853028
2026-01-19,NIO,US,USD,4.710000038146973
2026-01-19,PATH,US,USD,14.34000015258789
2026-01-20,AG,RO,RON,1.655
2026-01-20,ALR,RO,RON,1.5
2026-01-20,AQ,RO,RON,1.58
2026-01-20,AROBS,RO,RON,0.757
2026-01-20,TLV,RO,RON,32.38
2026-01-20,FP,RO,RON,0.673
2026-01-20,GSH,RO,RON,1.96
2026-01-20,HAI,RO,RON,0.516
2026-01-20,NRF,RO,RON,3.02
2026-01-20,SNP,RO,RON,1.06
2026-01-20,WINE,RO,RON,19.2
2026-01-20,SNN,RO,RON,63.2
2026-01-20,H2O,RO,RON,130.5
2026-01-20,EL,RO,RON,29.8
2026-01-20,TRP,RO,RON,0.47
2026-01-20,BATE.DE,EU,EUR,27.530000686645508
2026-01-20,LHA.DE,EU,EUR,8.354000091552734
2026-01-20,BABA,US,USD,162.38999938964844
2026-01-20,JD,US,USD,28.3799991607666
2026-01-20,NIO,US,USD,4.559999942779541
2026-01-20,PATH,US,USD,14.369999885559082
2026-01-21,AG,RO,RON,1.655
2026-01-21,ALR,RO,RON,1.515
2026-01-21,AQ,RO,RON,1.538
2026-01-21,AROBS,RO,RON,0.74
2026-01-21,TLV,RO,RON,32.52
2026-01-21,FP,RO,RON,0.671
2026-01-21,GSH,RO,RON,1.95
2026-01-21,HAI,RO,RON,0.504
2026-01-21,NRF,RO,RON,3.04
2026-01-21,SNP,RO,RON,1.033
2026-01-21,WINE,RO,RON,19.14
2026-01-21,SNN,RO,RON,63.8
2026-01-21,H2O,RO,RON,130.5
2026-01-21,EL,RO,RON,29.5
2026-01-21,TRP,RO,RON,0.459
2026-01-21,BATE.DE,EU,EUR,27.90999984741211
2026-01-21,LHA.DE,EU,EUR,8.642000198364258
2026-01-21,BABA,US,USD,168.6699981689453
2026-01-21,JD,US,USD,29.06999969482422
2026-01-21,NIO,US,USD,4.670000076293945
2026-01-21,PATH,US,USD,14.199999809265137
2026-01-22,AG,RO,RON,1.65
2026-01-22,ALR,RO,RON,1.5
2026-01-22,AQ,RO,RON,1.59
2026-01-22,AROBS,RO,RON,0.76
2026-01-22,TLV,RO,RON,32.56
2026-01-22,FP,RO,RON,0.68
2026-01-22,GSH,RO,RON,1.95
2026-01-22,HAI,RO,RON,0.5
2026-01-22,NRF,RO,RON,3.06
2026-01-22,SNP,RO,RON,1.045
2026-01-22,WINE,RO,RON,19.36
2026-01-22,SNN,RO,RON,65.4
2026-01-22,H2O,RO,RON,131.0
2026-01-22,EL,RO,RON,29.8
2026-01-22,TRP,RO,RON,0.471
2026-01-22,BATE.DE,EU,EUR,28.565000534057617
2026-01-22,LHA.DE,EU,EUR,8.973999977111816
2026-01-22,BABA,US,USD,177.17999267578125
2026-01-22,JD,US,USD,30.0
2026-01-22,NIO,US,USD,4.769999980926514
2026-01-22,PATH,US,USD,15.149999618530272
2026-01-23,AG,RO,RON,1.62
2026-01-23,ALR,RO,RON,1.49
2026-01-23,AQ,RO,RON,1.6
2026-01-23,AROBS,RO,RON,0.762
2026-01-23,TLV,RO,RON,32.6
2026-01-23,FP,RO,RON,0.679
2026-01-23,GSH,RO,RON,1.95
2026-01-23,HAI,RO,RON,0.499
2026-01-23,NRF,RO,RON,3.08
2026-01-23,SNP,RO,RON,1.059
2026-01-23,WINE,RO,RON,18.7
2026-01-23,SNN,RO,RON,68.0
2026-01-23,H2O,RO,RON,133.0
2026-01-23,EL,RO,RON,30.6
2026-01-23,TRP,RO,RON,0.468
2026-01-23,BATE.DE,EU,EUR,28.790000915527344
2026-01-23,LHA.DE,EU,EUR,8.803999900817871
2026-01-23,BABA,US,USD,173.22000122070312
2026-01-23,JD,US,USD,29.84000015258789
2026-01-23,NIO,US,USD,4.639999866485596
2026-01-23,PATH,US,USD,14.800000190734863
2026-01-26,AG,RO,RON,1.62
2026-01-26,ALR,RO,RON,1.49
2026-01-26,AQ,RO,RON,1.656
2026-01-26,AROBS,RO,RON,0.768
2026-01-26,TLV,RO,RON,32.72
2026-01-26,FP,RO,RON,0.68
2026-01-26,GSH,RO,RON,1.95
2026-01-26,HAI,RO,RON,0.504
2026-01-26,NRF,RO,RON,3.06
2026-01-26,SNP,RO,RON,1.056
2026-01-26,WINE,RO,RON,19.54
2026-01-26,SNN,RO,RON,69.9
2026-01-26,H2O,RO,RON,136.6
2026-01-26,EL,RO,RON,31.1
2026-01-26,TRP,RO,RON,0.4705
2026-01-26,LHA.DE,EU,EUR,8.770000457763672
2026-01-26,BABA,US,USD,171.3699951171875
2026-01-26,JD,US,USD,29.780000686645508
2026-01-26,NIO,US,USD,4.610000133514404
2026-01-26,PATH,US,USD,14.90999984741211
2026-01-27,AG,RO,RON,1.635
2026-01-27,ALR,RO,RON,1.5
2026-01-27,AQ,RO,RON,1.72
2026-01-27,AROBS,RO,RON,0.77
2026-01-27,TLV,RO,RON,33.02
2026-01-27,FP,RO,RON,0.68
2026-01-27,GSH,RO,RON,1.99
2026-01-27,HAI,RO,RON,0.504
2026-01-27,NRF,RO,RON,3.25
2026-01-27,SNP,RO,RON,1.04
2026-01-27,WINE,RO,RON,19.58
2026-01-27,SNN,RO,RON,73.3
2026-01-27,H2O,RO,RON,138.0
2026-01-27,EL,RO,RON,31.3
2026-01-27,TRP,RO,RON,0.4925
2026-01-27,BATE.DE,EU,EUR,28.315000534057617
2026-01-27,BABA,US,USD,172.72000122070312
2026-01-27,JD,US,USD,29.5
2026-01-27,NIO,US,USD,4.639999866485596
2026-01-27,PATH,US,USD,14.359999656677246
2026-01-28,AG,RO,RON,1.64
2026-01-28,ALR,RO,RON,1.51
2026-01-28,AQ,RO,RON,1.88
2026-01-28,AROBS,RO,RON,0.76
2026-01-28,TLV,RO,RON,33.5
2026-01-28,FP,RO,RON,0.681
2026-01-28,GSH,RO,RON,1.98
2026-01-28,HAI,RO,RON,0.524
2026-01-28,NRF,RO,RON,3.22
2026-01-28,SNP,RO,RON,1.043
2026-01-28,WINE,RO,RON,19.88
2026-01-28,SNN,RO,RON,76.0
2026-01-28,H2O,RO,RON,138.0
2026-01-28,EL,RO,RON,34.0
2026-01-28,TRP,RO,RON,0.527
2026-01-28,BATE.DE,EU,EUR,27.934999465942383
2026-01-28,LHA.DE,EU,EUR,8.682000160217285
2026-01-28,BABA,US,USD,175.66000366210938
2026-01-28,JD,US,USD,29.229999542236328
2026-01-28,NIO,US,USD,4.590000152587891
2026-01-28,PATH,US,USD,14.109999656677246
2026-01-29,AG,RO,RON,1.635
2026-01-29,ALR,RO,RON,1.51
2026-01-29,AQ,RO,RON,1.85
2026-01-29,AROBS,RO,RON,0.76
2026-01-29,TLV,RO,RON,33.04
2026-01-29,FP,RO,RON,0.68
2026-01-29,GSH,RO,RON,1.98
2026-01-29,HAI,RO,RON,0.532
2026-01-29,NRF,RO,RON,3.14
2026-01-29,SNP,RO,RON,1.03
2026-01-29,WINE,RO,RON,19.54
2026-01-29,SNN,RO,RON,73.0
2026-01-29,H2O,RO,RON,139.0
2026-01-29,EL,RO,RON,32.45
2026-01-29,TRP,RO,RON,0.506
2026-01-29,BATE.DE,EU,EUR,27.434999465942383
2026-01-29,BABA,US,USD,174.25
2026-01-29,JD,US,USD,29.06999969482422
2026-01-29,NIO,US,USD,4.769999980926514
2026-01-29,PATH,US,USD,13.25
2026-01-30,AG,RO,RON,1.625
2026-01-30,ALR,RO,RON,1.5
2026-01-30,AQ,RO,RON,1.77
2026-01-30,AROBS,RO,RON,0.753
2026-01-30,TLV,RO,RON,32.44
2026-01-30,FP,RO,RON,0.68
2026-01-30,GSH,RO,RON,1.98
2026-01-30,HAI,RO,RON,0.53
2026-01-30,NRF,RO,RON,3.15
2026-01-30,SNP,RO,RON,1.017
2026-01-30,WINE,RO,RON,19.56
2026-01-30,SNN,RO,RON,72.2
2026-01-30,H2O,RO,RON,138.0
2026-01-30,EL,RO,RON,31.8
2026-01-30,TRP,RO,RON,0.5
2026-01-30,LHA.DE,EU,EUR,8.746000289916992
2026-01-30,BABA,US,USD,169.6300048828125
2026-01-30,JD,US,USD,28.479999542236328
2026-01-30,NIO,US,USD,4.715000152587891
2026-01-30,PATH,US,USD,12.550000190734863
2026-02-02,AG,RO,RON,1.615
2026-02-02,ALR,RO,RON,1.5
2026-02-02,AQ,RO,RON,1.744
2026-02-02,AROBS,RO,RON,0.736
2026-02-02,TLV,RO,RON,32.7
2026-02-02,FP,RO,RON,0.67
2026-02-02,GSH,RO,RON,1.97
2026-02-02,HAI,RO,RON,0.53
2026-02-02,NRF,RO,RON,3.08
2026-02-02,SNP,RO,RON,1.006
2026-02-02,WINE,RO,RON,19.94
2026-02-02,SNN,RO,RON,71.0
2026-02-02,H2O,RO,RON,136.5
2026-02-02,EL,RO,RON,31.4
2026-02-02,TRP,RO,RON,0.49
2026-02-03,AG,RO,RON,1.655
2026-02-03,ALR,RO,RON,1.5
2026-02-03,AQ,RO,RON,1.8
2026-02-03,AROBS,RO,RON,0.752
2026-02-03,TLV,RO,RON,33.22
2026-02-03,FP,RO,RON,0.675
2026-02-03,GSH,RO,RON,1.97
2026-02-03,HAI,RO,RON,0.516
2026-02-03,NRF,RO,RON,3.07
2026-02-03,SNP,RO,RON,1.003
2026-02-03,WINE,RO,RON,19.9
2026-02-03,SNN,RO,RON,72.6
2026-02-03,H2O,RO,RON,138.0
2026-02-03,EL,RO,RON,31.5
2026-02-03,TRP,RO,RON,0.506
2026-02-03,BATE.DE,EU,EUR,27.639999389648438
2026-02-03,LHA.DE,EU,EUR,8.991999626159668
2026-02-03,BABA,US,USD,163.64999389648438
2026-02-03,JD,US,USD,28.040000915527344
2026-02-03,NIO,US,USD,4.550000190734863
2026-02-03,PATH,US,USD,12.149999618530273
