Ticker,Region,n,hit_rate,mae,bias,score_0_100,confidence_tier
GSH,RO,52,0.3462,10.3802,6.087,34.04,LOW
AROBS,RO,52,0.4615,2.4739,-0.6046,46.56,MEDIUM
H2O,RO,52,0.5192,3.6784,-1.046,47.11,MEDIUM
TRP,RO,52,0.4808,2.2901,1.032,47.07,MEDIUM
SNP,RO,52,0.6923,2.468,-0.5763,53.51,MEDIUM
WINE,RO,52,0.4615,1.8507,0.3327,47.2,MEDIUM
EL,RO,52,0.6538,4.5259,-1.5016,50.24,MEDIUM
TLV,RO,52,0.5769,3.5182,0.4311,49.28,MEDIUM
AQ,RO,52,0.5385,5.189,0.181,46.91,MEDIUM
FP,RO,52,0.5192,4.3022,-1.9849,46.14,MEDIUM
AG,RO,52,0.5,2.5261,0.4586,47.75,MEDIUM
ALR,RO,52,0.3269,15.4817,14.305,25.27,LOW
BATE.DE,EU,52,0.5192,4.0371,1.9109,46.39,MEDIUM
SNN,RO,52,0.4038,2.9476,1.1467,44.18,LOW
NIO,US,52,0.4231,5.7364,1.4506,42.38,LOW
JD,US,52,0.5385,4.0819,1.5121,47.13,MEDIUM
PATH,US,52,0.5,7.2429,0.46,43.98,LOW
NRF,RO,52,0.5192,3.1467,-0.4701,47.82,MEDIUM
HAI,RO,52,0.4231,4.8754,-0.1177,43.73,LOW
BABA,US,52,0.4231,5.2848,1.0348,42.95,LOW
LHA.DE,EU,52,0.5769,4.335,1.3103,48.18,MEDIUM
NVDA,US,52,0.4808,4.5764,1.6331,44.95,LOW
